{"cameraMode":{"drawMode":0,"name":"Shaded","section":"Shading Mode"},"sceneLighting":true,"audioPlay":false,"sceneViewState":{"showFog":true,"showMaterialUpdate":false,"showSkybox":true,"showFlares":true,"showImageEffects":true,"showParticleSystems":true},"in2DMode":false,"pivot":{"x":304.44549560546877,"y":148.8593292236328,"z":380.9180908203125},"rotation":{"x":0.08889712393283844,"y":-0.6493902206420898,"z":-0.07674252986907959,"w":-0.75152587890625},"size":23.045562744140626,"orthographic":false}