{"cameraMode":{"drawMode":0,"name":"Shaded","section":"Shading Mode"},"sceneLighting":true,"audioPlay":false,"sceneViewState":{"showFog":true,"showMaterialUpdate":false,"showSkybox":true,"showFlares":true,"showImageEffects":true,"showParticleSystems":true},"in2DMode":false,"pivot":{"x":6.937712669372559,"y":5.562662601470947,"z":-4.384864330291748},"rotation":{"x":-0.09409073740243912,"y":0.755796492099762,"z":-0.11140166968107224,"w":-0.6383748054504395},"size":1.3975799083709717,"orthographic":false}